rank,image_id,file_name,targets,in_5shot,in_10shot,in_20shot
1,218,gpt_low_contrast_set2_unique__0324.png,4,True,True,True
2,4,gpt_low_contrast_910__three_targets__0134.png,3,True,True,True
3,122,gpt_low_contrast_910__two_targets__0078.png,2,True,True,True
4,85,gpt_low_contrast_910__two_targets__0025.png,1,True,True,True
5,278,gpt_low_contrast_set2_unique__0409.png,4,True,True,True
6,256,gpt_low_contrast_set2_unique__0377.png,3,False,True,True
7,138,gpt_low_contrast_910__two_targets__0107.png,2,False,True,True
8,187,gpt_low_contrast_set2_unique__0284.png,4,False,True,True
9,226,gpt_low_contrast_set2_unique__0333.png,3,False,True,True
10,142,gpt_low_contrast_910__two_targets__0113.png,2,False,True,True
11,257,gpt_low_contrast_set2_unique__0378.png,4,False,False,True
12,248,gpt_low_contrast_set2_unique__0362.png,3,False,False,True
13,97,gpt_low_contrast_910__two_targets__0047.png,2,False,False,True
14,215,gpt_low_contrast_set2_unique__0321.png,4,False,False,True
15,267,gpt_low_contrast_set2_unique__0391.png,3,False,False,True
16,76,gpt_low_contrast_910__two_targets__0014.png,2,False,False,True
17,38,gpt_low_contrast_910__three_targets__0180.png,3,False,False,True
18,124,gpt_low_contrast_910__two_targets__0081.png,2,False,False,True
19,230,gpt_low_contrast_set2_unique__0338.png,3,False,False,True
20,99,gpt_low_contrast_910__two_targets__0050.png,2,False,False,True
21,232,gpt_low_contrast_set2_unique__0341.png,3,False,False,False
22,77,gpt_low_contrast_910__two_targets__0015.png,2,False,False,False
23,274,gpt_low_contrast_set2_unique__0402.png,3,False,False,False
24,109,gpt_low_contrast_910__two_targets__0062.png,2,False,False,False
25,15,gpt_low_contrast_910__three_targets__0148.png,3,False,False,False
26,111,gpt_low_contrast_910__two_targets__0064.png,2,False,False,False
27,194,gpt_low_contrast_set2_unique__0293.png,3,False,False,False
28,147,gpt_low_contrast_910__two_targets__0125.png,2,False,False,False
29,155,gpt_low_contrast_set2_unique__0233.png,3,False,False,False
30,80,gpt_low_contrast_910__two_targets__0020.png,2,False,False,False
31,178,gpt_low_contrast_set2_unique__0272.png,3,False,False,False
32,132,gpt_low_contrast_910__two_targets__0095.png,2,False,False,False
33,253,gpt_low_contrast_set2_unique__0370.png,3,False,False,False
34,115,gpt_low_contrast_910__two_targets__0068.png,2,False,False,False
35,198,gpt_low_contrast_set2_unique__0298.png,3,False,False,False
36,150,gpt_low_contrast_910__two_targets__0129.png,2,False,False,False
37,224,gpt_low_contrast_set2_unique__0331.png,3,False,False,False
38,112,gpt_low_contrast_910__two_targets__0065.png,2,False,False,False
39,169,gpt_low_contrast_set2_unique__0250.png,3,False,False,False
40,128,gpt_low_contrast_910__two_targets__0090.png,2,False,False,False
41,172,gpt_low_contrast_set2_unique__0258.png,3,False,False,False
42,93,gpt_low_contrast_910__two_targets__0041.png,2,False,False,False
43,268,gpt_low_contrast_set2_unique__0393.png,3,False,False,False
44,96,gpt_low_contrast_910__two_targets__0046.png,2,False,False,False
45,225,gpt_low_contrast_set2_unique__0332.png,3,False,False,False
46,83,gpt_low_contrast_910__two_targets__0023.png,2,False,False,False
47,63,gpt_low_contrast_910__three_targets__0213.png,3,False,False,False
48,123,gpt_low_contrast_910__two_targets__0079.png,2,False,False,False
49,273,gpt_low_contrast_set2_unique__0401.png,3,False,False,False
50,103,gpt_low_contrast_910__two_targets__0055.png,2,False,False,False
51,151,gpt_low_contrast_set2_unique__0220.png,3,False,False,False
52,120,gpt_low_contrast_910__two_targets__0076.png,2,False,False,False
53,53,gpt_low_contrast_910__three_targets__0200.png,3,False,False,False
54,73,gpt_low_contrast_910__two_targets__0011.png,2,False,False,False
55,152,gpt_low_contrast_set2_unique__0221.png,3,False,False,False
56,129,gpt_low_contrast_910__two_targets__0091.png,2,False,False,False
57,10,gpt_low_contrast_910__three_targets__0141.png,3,False,False,False
58,75,gpt_low_contrast_910__two_targets__0013.png,2,False,False,False
59,23,gpt_low_contrast_910__three_targets__0160.png,3,False,False,False
60,95,gpt_low_contrast_910__two_targets__0045.png,2,False,False,False
61,238,gpt_low_contrast_set2_unique__0349.png,3,False,False,False
62,130,gpt_low_contrast_910__two_targets__0092.png,2,False,False,False
63,270,gpt_low_contrast_set2_unique__0396.png,3,False,False,False
64,148,gpt_low_contrast_910__two_targets__0127.png,2,False,False,False
65,205,gpt_low_contrast_set2_unique__0310.png,3,False,False,False
66,135,gpt_low_contrast_910__two_targets__0100.png,2,False,False,False
67,167,gpt_low_contrast_set2_unique__0248.png,3,False,False,False
68,114,gpt_low_contrast_910__two_targets__0067.png,2,False,False,False
69,20,gpt_low_contrast_910__three_targets__0156.png,3,False,False,False
70,68,gpt_low_contrast_910__two_targets__0004.png,2,False,False,False
71,66,gpt_low_contrast_910__three_targets__0217.png,3,False,False,False
72,102,gpt_low_contrast_910__two_targets__0054.png,2,False,False,False
73,203,gpt_low_contrast_set2_unique__0308.png,3,False,False,False
74,107,gpt_low_contrast_910__two_targets__0059.png,2,False,False,False
75,57,gpt_low_contrast_910__three_targets__0206.png,3,False,False,False
76,88,gpt_low_contrast_910__two_targets__0030.png,2,False,False,False
77,213,gpt_low_contrast_set2_unique__0319.png,3,False,False,False
78,134,gpt_low_contrast_910__two_targets__0097.png,2,False,False,False
79,240,gpt_low_contrast_set2_unique__0353.png,3,False,False,False
80,98,gpt_low_contrast_910__two_targets__0048.png,2,False,False,False
81,211,gpt_low_contrast_set2_unique__0317.png,3,False,False,False
82,70,gpt_low_contrast_910__two_targets__0006.png,2,False,False,False
83,202,gpt_low_contrast_set2_unique__0307.png,3,False,False,False
84,78,gpt_low_contrast_910__two_targets__0017.png,2,False,False,False
85,200,gpt_low_contrast_set2_unique__0300.png,3,False,False,False
86,90,gpt_low_contrast_910__two_targets__0035.png,2,False,False,False
87,195,gpt_low_contrast_set2_unique__0294.png,3,False,False,False
88,110,gpt_low_contrast_910__two_targets__0063.png,2,False,False,False
89,199,gpt_low_contrast_set2_unique__0299.png,3,False,False,False
90,100,gpt_low_contrast_910__two_targets__0051.png,2,False,False,False
91,154,gpt_low_contrast_set2_unique__0232.png,3,False,False,False
92,133,gpt_low_contrast_910__two_targets__0096.png,2,False,False,False
93,282,gpt_low_contrast_set2_unique__0417.png,3,False,False,False
94,69,gpt_low_contrast_910__two_targets__0005.png,2,False,False,False
95,229,gpt_low_contrast_set2_unique__0337.png,3,False,False,False
96,89,gpt_low_contrast_910__two_targets__0031.png,2,False,False,False
97,43,gpt_low_contrast_910__three_targets__0187.png,3,False,False,False
98,118,gpt_low_contrast_910__two_targets__0072.png,2,False,False,False
99,227,gpt_low_contrast_set2_unique__0335.png,3,False,False,False
100,121,gpt_low_contrast_910__two_targets__0077.png,2,False,False,False
101,184,gpt_low_contrast_set2_unique__0281.png,3,False,False,False
102,105,gpt_low_contrast_910__two_targets__0057.png,2,False,False,False
103,190,gpt_low_contrast_set2_unique__0288.png,3,False,False,False
104,72,gpt_low_contrast_910__two_targets__0009.png,2,False,False,False
105,31,gpt_low_contrast_910__three_targets__0170.png,3,False,False,False
106,74,gpt_low_contrast_910__two_targets__0012.png,2,False,False,False
107,246,gpt_low_contrast_set2_unique__0360.png,3,False,False,False
108,149,gpt_low_contrast_910__two_targets__0128.png,2,False,False,False
109,239,gpt_low_contrast_set2_unique__0350.png,3,False,False,False
110,119,gpt_low_contrast_910__two_targets__0074.png,2,False,False,False
111,45,gpt_low_contrast_910__three_targets__0190.png,3,False,False,False
112,71,gpt_low_contrast_910__two_targets__0008.png,2,False,False,False
113,201,gpt_low_contrast_set2_unique__0304.png,3,False,False,False
114,91,gpt_low_contrast_910__two_targets__0039.png,2,False,False,False
115,219,gpt_low_contrast_set2_unique__0325.png,3,False,False,False
116,81,gpt_low_contrast_910__two_targets__0021.png,2,False,False,False
117,192,gpt_low_contrast_set2_unique__0291.png,3,False,False,False
118,126,gpt_low_contrast_910__two_targets__0086.png,2,False,False,False
119,214,gpt_low_contrast_set2_unique__0320.png,3,False,False,False
120,92,gpt_low_contrast_910__two_targets__0040.png,2,False,False,False
121,62,gpt_low_contrast_910__three_targets__0212.png,3,False,False,False
122,127,gpt_low_contrast_910__two_targets__0089.png,2,False,False,False
123,275,gpt_low_contrast_set2_unique__0403.png,3,False,False,False
124,131,gpt_low_contrast_910__two_targets__0094.png,2,False,False,False
125,6,gpt_low_contrast_910__three_targets__0136.png,3,False,False,False
126,87,gpt_low_contrast_910__two_targets__0028.png,2,False,False,False
127,209,gpt_low_contrast_set2_unique__0315.png,3,False,False,False
128,82,gpt_low_contrast_910__two_targets__0022.png,2,False,False,False
129,58,gpt_low_contrast_910__three_targets__0207.png,3,False,False,False
130,86,gpt_low_contrast_910__two_targets__0026.png,2,False,False,False
131,158,gpt_low_contrast_set2_unique__0237.png,3,False,False,False
132,136,gpt_low_contrast_910__two_targets__0101.png,2,False,False,False
133,191,gpt_low_contrast_set2_unique__0289.png,3,False,False,False
134,94,gpt_low_contrast_910__two_targets__0044.png,2,False,False,False
135,28,gpt_low_contrast_910__three_targets__0167.png,3,False,False,False
136,108,gpt_low_contrast_910__two_targets__0061.png,2,False,False,False
137,33,gpt_low_contrast_910__three_targets__0173.png,3,False,False,False
138,84,gpt_low_contrast_910__two_targets__0024.png,2,False,False,False
139,264,gpt_low_contrast_set2_unique__0387.png,3,False,False,False
140,144,gpt_low_contrast_910__two_targets__0121.png,2,False,False,False
141,36,gpt_low_contrast_910__three_targets__0176.png,3,False,False,False
142,113,gpt_low_contrast_910__two_targets__0066.png,2,False,False,False
143,283,gpt_low_contrast_set2_unique__0418.png,3,False,False,False
144,146,gpt_low_contrast_910__two_targets__0123.png,2,False,False,False
145,2,gpt_low_contrast_910__three_targets__0132.png,3,False,False,False
146,104,gpt_low_contrast_910__two_targets__0056.png,2,False,False,False
147,40,gpt_low_contrast_910__three_targets__0183.png,3,False,False,False
148,125,gpt_low_contrast_910__two_targets__0085.png,2,False,False,False
149,259,gpt_low_contrast_set2_unique__0380.png,3,False,False,False
150,101,gpt_low_contrast_910__two_targets__0052.png,2,False,False,False
151,25,gpt_low_contrast_910__three_targets__0164.png,3,False,False,False
152,106,gpt_low_contrast_910__two_targets__0058.png,2,False,False,False
153,49,gpt_low_contrast_910__three_targets__0195.png,3,False,False,False
154,145,gpt_low_contrast_910__two_targets__0122.png,2,False,False,False
155,271,gpt_low_contrast_set2_unique__0397.png,3,False,False,False
156,117,gpt_low_contrast_910__two_targets__0071.png,2,False,False,False
157,164,gpt_low_contrast_set2_unique__0245.png,3,False,False,False
158,139,gpt_low_contrast_910__two_targets__0109.png,2,False,False,False
159,162,gpt_low_contrast_set2_unique__0243.png,3,False,False,False
160,79,gpt_low_contrast_910__two_targets__0018.png,2,False,False,False
161,237,gpt_low_contrast_set2_unique__0348.png,3,False,False,False
162,143,gpt_low_contrast_910__two_targets__0118.png,2,False,False,False
163,228,gpt_low_contrast_set2_unique__0336.png,3,False,False,False
164,116,gpt_low_contrast_910__two_targets__0069.png,2,False,False,False
165,157,gpt_low_contrast_set2_unique__0235.png,3,False,False,False
166,140,gpt_low_contrast_910__two_targets__0110.png,2,False,False,False
167,262,gpt_low_contrast_set2_unique__0385.png,3,False,False,False
168,137,gpt_low_contrast_910__two_targets__0102.png,2,False,False,False
169,216,gpt_low_contrast_set2_unique__0322.png,3,False,False,False
170,141,gpt_low_contrast_910__two_targets__0112.png,2,False,False,False
171,217,gpt_low_contrast_set2_unique__0323.png,3,False,False,False
172,245,gpt_low_contrast_set2_unique__0359.png,3,False,False,False
173,186,gpt_low_contrast_set2_unique__0283.png,3,False,False,False
174,29,gpt_low_contrast_910__three_targets__0168.png,3,False,False,False
175,48,gpt_low_contrast_910__three_targets__0194.png,3,False,False,False
176,8,gpt_low_contrast_910__three_targets__0138.png,3,False,False,False
177,166,gpt_low_contrast_set2_unique__0247.png,3,False,False,False
178,179,gpt_low_contrast_set2_unique__0273.png,3,False,False,False
179,260,gpt_low_contrast_set2_unique__0382.png,3,False,False,False
180,221,gpt_low_contrast_set2_unique__0327.png,3,False,False,False
181,206,gpt_low_contrast_set2_unique__0312.png,3,False,False,False
182,242,gpt_low_contrast_set2_unique__0355.png,3,False,False,False
183,3,gpt_low_contrast_910__three_targets__0133.png,3,False,False,False
184,14,gpt_low_contrast_910__three_targets__0147.png,3,False,False,False
185,161,gpt_low_contrast_set2_unique__0240.png,3,False,False,False
186,174,gpt_low_contrast_set2_unique__0263.png,3,False,False,False
187,32,gpt_low_contrast_910__three_targets__0172.png,3,False,False,False
188,196,gpt_low_contrast_set2_unique__0295.png,3,False,False,False
189,41,gpt_low_contrast_910__three_targets__0185.png,3,False,False,False
190,173,gpt_low_contrast_set2_unique__0261.png,3,False,False,False
191,265,gpt_low_contrast_set2_unique__0389.png,3,False,False,False
192,52,gpt_low_contrast_910__three_targets__0199.png,3,False,False,False
193,193,gpt_low_contrast_set2_unique__0292.png,3,False,False,False
194,65,gpt_low_contrast_910__three_targets__0216.png,3,False,False,False
195,1,gpt_low_contrast_910__three_targets__0131.png,3,False,False,False
196,250,gpt_low_contrast_set2_unique__0365.png,3,False,False,False
197,277,gpt_low_contrast_set2_unique__0406.png,3,False,False,False
198,234,gpt_low_contrast_set2_unique__0344.png,3,False,False,False
199,13,gpt_low_contrast_910__three_targets__0144.png,3,False,False,False
200,170,gpt_low_contrast_set2_unique__0251.png,3,False,False,False
201,182,gpt_low_contrast_set2_unique__0277.png,3,False,False,False
202,27,gpt_low_contrast_910__three_targets__0166.png,3,False,False,False
203,261,gpt_low_contrast_set2_unique__0383.png,3,False,False,False
204,249,gpt_low_contrast_set2_unique__0364.png,3,False,False,False
205,18,gpt_low_contrast_910__three_targets__0151.png,3,False,False,False
206,281,gpt_low_contrast_set2_unique__0414.png,3,False,False,False
207,276,gpt_low_contrast_set2_unique__0405.png,3,False,False,False
208,244,gpt_low_contrast_set2_unique__0358.png,3,False,False,False
209,39,gpt_low_contrast_910__three_targets__0182.png,3,False,False,False
210,243,gpt_low_contrast_set2_unique__0357.png,3,False,False,False
211,254,gpt_low_contrast_set2_unique__0372.png,3,False,False,False
212,222,gpt_low_contrast_set2_unique__0328.png,3,False,False,False
213,177,gpt_low_contrast_set2_unique__0271.png,3,False,False,False
214,12,gpt_low_contrast_910__three_targets__0143.png,3,False,False,False
215,231,gpt_low_contrast_set2_unique__0339.png,3,False,False,False
216,34,gpt_low_contrast_910__three_targets__0174.png,3,False,False,False
217,207,gpt_low_contrast_set2_unique__0313.png,3,False,False,False
218,183,gpt_low_contrast_set2_unique__0280.png,3,False,False,False
219,11,gpt_low_contrast_910__three_targets__0142.png,3,False,False,False
220,197,gpt_low_contrast_set2_unique__0296.png,3,False,False,False
221,263,gpt_low_contrast_set2_unique__0386.png,3,False,False,False
222,19,gpt_low_contrast_910__three_targets__0152.png,3,False,False,False
223,61,gpt_low_contrast_910__three_targets__0210.png,3,False,False,False
224,176,gpt_low_contrast_set2_unique__0270.png,3,False,False,False
225,255,gpt_low_contrast_set2_unique__0374.png,3,False,False,False
226,241,gpt_low_contrast_set2_unique__0354.png,3,False,False,False
227,180,gpt_low_contrast_set2_unique__0274.png,3,False,False,False
228,67,gpt_low_contrast_910__three_targets__0219.png,3,False,False,False
229,7,gpt_low_contrast_910__three_targets__0137.png,3,False,False,False
230,272,gpt_low_contrast_set2_unique__0400.png,3,False,False,False
231,181,gpt_low_contrast_set2_unique__0276.png,3,False,False,False
232,258,gpt_low_contrast_set2_unique__0379.png,3,False,False,False
233,175,gpt_low_contrast_set2_unique__0269.png,3,False,False,False
234,56,gpt_low_contrast_910__three_targets__0205.png,3,False,False,False
235,24,gpt_low_contrast_910__three_targets__0163.png,3,False,False,False
236,269,gpt_low_contrast_set2_unique__0395.png,3,False,False,False
237,247,gpt_low_contrast_set2_unique__0361.png,3,False,False,False
238,160,gpt_low_contrast_set2_unique__0239.png,3,False,False,False
239,54,gpt_low_contrast_910__three_targets__0201.png,3,False,False,False
240,159,gpt_low_contrast_set2_unique__0238.png,3,False,False,False
241,50,gpt_low_contrast_910__three_targets__0196.png,3,False,False,False
242,21,gpt_low_contrast_910__three_targets__0158.png,3,False,False,False
243,16,gpt_low_contrast_910__three_targets__0149.png,3,False,False,False
244,280,gpt_low_contrast_set2_unique__0411.png,3,False,False,False
245,22,gpt_low_contrast_910__three_targets__0159.png,3,False,False,False
246,64,gpt_low_contrast_910__three_targets__0215.png,3,False,False,False
247,30,gpt_low_contrast_910__three_targets__0169.png,3,False,False,False
248,156,gpt_low_contrast_set2_unique__0234.png,3,False,False,False
249,252,gpt_low_contrast_set2_unique__0367.png,3,False,False,False
250,46,gpt_low_contrast_910__three_targets__0191.png,3,False,False,False
251,47,gpt_low_contrast_910__three_targets__0192.png,3,False,False,False
252,35,gpt_low_contrast_910__three_targets__0175.png,3,False,False,False
253,9,gpt_low_contrast_910__three_targets__0140.png,3,False,False,False
254,185,gpt_low_contrast_set2_unique__0282.png,3,False,False,False
255,165,gpt_low_contrast_set2_unique__0246.png,3,False,False,False
256,163,gpt_low_contrast_set2_unique__0244.png,3,False,False,False
257,279,gpt_low_contrast_set2_unique__0410.png,3,False,False,False
258,212,gpt_low_contrast_set2_unique__0318.png,3,False,False,False
259,26,gpt_low_contrast_910__three_targets__0165.png,3,False,False,False
260,51,gpt_low_contrast_910__three_targets__0198.png,3,False,False,False
261,189,gpt_low_contrast_set2_unique__0286.png,3,False,False,False
262,233,gpt_low_contrast_set2_unique__0343.png,3,False,False,False
263,60,gpt_low_contrast_910__three_targets__0209.png,3,False,False,False
264,42,gpt_low_contrast_910__three_targets__0186.png,3,False,False,False
265,37,gpt_low_contrast_910__three_targets__0179.png,3,False,False,False
266,171,gpt_low_contrast_set2_unique__0253.png,3,False,False,False
267,5,gpt_low_contrast_910__three_targets__0135.png,3,False,False,False
268,55,gpt_low_contrast_910__three_targets__0202.png,3,False,False,False
269,210,gpt_low_contrast_set2_unique__0316.png,3,False,False,False
270,236,gpt_low_contrast_set2_unique__0347.png,3,False,False,False
271,235,gpt_low_contrast_set2_unique__0346.png,3,False,False,False
272,208,gpt_low_contrast_set2_unique__0314.png,3,False,False,False
273,153,gpt_low_contrast_set2_unique__0231.png,3,False,False,False
274,17,gpt_low_contrast_910__three_targets__0150.png,3,False,False,False
275,59,gpt_low_contrast_910__three_targets__0208.png,3,False,False,False
276,188,gpt_low_contrast_set2_unique__0285.png,3,False,False,False
277,204,gpt_low_contrast_set2_unique__0309.png,3,False,False,False
278,223,gpt_low_contrast_set2_unique__0330.png,3,False,False,False
279,168,gpt_low_contrast_set2_unique__0249.png,3,False,False,False
280,266,gpt_low_contrast_set2_unique__0390.png,3,False,False,False
281,251,gpt_low_contrast_set2_unique__0366.png,3,False,False,False
282,220,gpt_low_contrast_set2_unique__0326.png,3,False,False,False
283,44,gpt_low_contrast_910__three_targets__0189.png,3,False,False,False
