experiment_id,model,training_data,train_images,train_targets,validation_data,val_images,val_targets,test_data,test_images,test_targets,postprocess,tp,fp,fn,pd_percent,far_percent,f1_percent,model_ms_mean,pipeline_ms_mean,device,status,conclusion
zero_shot_rtdetr,RT-DETR-R18,VEDAI real plus traditional synthetic,765,,HIT-UAV locked validation,7,20,HIT-UAV locked test,16,62,confidence fixed from validation,27,374,35,43.55,93.27,11.66,111.12,148.13,GTX 1650 Ti,diagnostic,Large domain gap
zero_shot_aa_yolo,AA-YOLO Tiny,VEDAI real plus traditional synthetic,765,,HIT-UAV locked validation,7,20,HIT-UAV locked test,16,62,confidence fixed from validation,5,286,57,8.06,98.28,2.83,106.24,123.09,GTX 1650 Ti,diagnostic,Rejected
hit_transfer_rtdetr,RT-DETR-R18,HIT-UAV adaptation,75,1046,HIT-UAV locked validation,7,20,HIT-UAV locked test,16,62,"confidence=0.18958; NMS=0.10",33,438,29,53.23,92.99,12.38,103.28,140.14,GTX 1650 Ti,validation_selected,Rejected
road_v1_rtdetr,RT-DETR-R18,VEDAI plus synthetic plus HIT-UAV road,840,3099,HIT-UAV locked validation,7,20,HIT-UAV locked test,16,62,"confidence=0.12422; NMS=0.15",45,483,17,72.58,91.48,15.25,12.20,24.86,RTX 5090,validation_selected,Rejected
road_v1_p2_lite,RT-DETR-R18-P2-Lite,VEDAI plus synthetic plus HIT-UAV road,840,3099,HIT-UAV locked validation,7,20,HIT-UAV locked test,16,62,confidence fixed from validation,32,553,30,51.61,94.53,9.89,9.59,20.92,RTX 5090,validation_selected,Rejected
road_v2_rtdetr,RT-DETR-R18,VEDAI plus synthetic plus sparse HIT-UAV,1044,2940,HIT-UAV sequence-separated validation,54,210,HIT-UAV locked test,16,62,"confidence=0.13893; NMS=0.40",32,108,30,51.61,77.14,31.68,8.68,25.59,RTX 5090,validation_selected,Lowest FAR among RT-DETR runs but low Pd
road_v3_rtdetr,RT-DETR-R18,VEDAI plus synthetic plus size-matched HIT-UAV,2954,15466,HIT-UAV sequence-separated validation,18,84,HIT-UAV locked test,16,62,"confidence=0.11086; NMS=0.40",50,890,12,80.65,94.68,9.98,8.93,26.82,RTX 5090,validation_selected,Best single-model Pd in retained RT-DETR experiments
road_v4_rtdetr,RT-DETR-R18-P2-Lite,V3 plus 800 target-free texture hard negatives,3754,15466,HIT-UAV sequence-separated validation,18,84,HIT-UAV locked test,16,62,"confidence=0.06341; NMS=0.40",49,646,13,79.03,92.95,12.95,9.17,21.19,RTX 5090,validation_selected,Fast baseline but below Pd target
road_v3_v4_ensemble,RT-DETR V3 plus V4 ensemble,V3 and V4 training sets,,,HIT-UAV sequence-separated validation,18,84,HIT-UAV locked test,16,62,"score scale=0.5; confidence=0.10626; NMS=0.70",51,659,11,82.26,92.82,13.21,,,RTX 5090,diagnostic,Rejected because two-model latency conflicts with 45 ms budget
road_v4_aa_tiny,AA-YOLO Tiny,V4 mixed training set,3754,15466,HIT-UAV sequence-separated validation,18,84,HIT-UAV locked test,16,62,default detector evaluation,,,,, ,,,,RTX 5090,training_failed_quality,60 epochs completed but recall remained below 5 percent; do not continue on this dataset
